,id,text,annotation,subject,topic,media_annotation,rec_struct,rec_validity,rec_availability,rec_sum,generated,type,difficulty_level,previous_id
0,0,"text.md:

Машинное обучение: от данных к предсказаниям
Введение в область — без формул, только суть

![](./seo-hero-machine-learning-vs-ai_kls4c0.webp)
○
Предварительные знания: не требуются. Это первая статья серии, подходит для полных новичков.
Что такое машинное обучение
Традиционная программа работает по жёстким правилам: «если цена упала — продать». Машинное обучение (ML) устроено иначе: вместо того чтобы прописывать правила вручную, мы показываем алгоритму тысячи примеров, и он сам извлекает закономерности.

Представьте, что вы учите ребёнка распознавать кошек. Вы не перечисляете признаки — вы показываете фотографии: «это кошка, это не кошка». Через какое-то время он начинает справляться сам. ML работает по той же логике, только вместо ребёнка — математическая модель, а вместо фотографий — числа.

Ключевая идея: машинное обучение — это не программирование правил, а программирование способности учиться на примерах.

Три типа обучения
Обучение с учителем — алгоритм получает пары «вход → правильный ответ». Например: фотографии с подписями «кот» или «не кот». Задача — научиться предсказывать ответ для новых, невиданных данных.

Обучение без учителя — правильных ответов нет. Алгоритм сам ищет структуру в данных: группирует похожих клиентов, находит аномалии в транзакциях.

Обучение с подкреплением — агент взаимодействует со средой, получает награду за хорошие действия и штраф за плохие. Именно так обучают ИИ, который играет в шахматы или управляет роботом.

Где ML применяется сегодня
Рекомендации в стриминговых сервисах, фильтрация спама, распознавание голоса, перевод текста, медицинская диагностика, прогнозирование спроса — всё это ML-системы. Они не запрограммированы на конкретные ответы: они научились их находить.

Итоги статьи
ML — обучение на примерах, а не кодирование правил
Три основных парадигмы: с учителем, без учителя, с подкреплением
Область применяется во всех отраслях, от медицины до рекомендательных систем

","Анализируются основные понятия и типы машинного обучения, без использования математических формул. Объясняется, что ML — это не программирование правил, а способность модели учиться на примерах. Также рассматриваются три основных типа обучения: с учителем, без учителя и с подкреплением, и области их применения.",Машинное обучение,Введение в машинное обучение: от данных к предсказаниям,,1,0,0,"Учебный материал соответствует методическим рекомендациям по содержанию, структуре и языку. Визуальное оформление требует улучшений.",False,введение/обзор,easy,
1,1,"text.md:

**Классическая философия: основы, направления и наследие**

---

### **1. Определение классической философии**
Классическая философия — это этап развития философской мысли, который охватывает эпохи древнего мира (древняя Греция и Рим) и раннее средневековье. Этот период заложил основы метафизики, этики, логики, теологии и эпистемологии, а также сформировал ключевые философские школы, которые повлияли на развитие науки, искусства и мировой мысли.

---

### **2. Временные рамки**
Классическая философия как отрасль обычно ассоциируется с:
- **Древняя Греция** (V–IV вв. до н.э.) — период возникновения античной философии.
- **Древний Рим** (I–V вв. н.э.) — развитие греческой философии и создание римской философской традиции.
- **Средневековье** (V–XII вв.) — усвоение греческих и римских знаний в христианском контексте.

---

### **3. Основные направления**
Классическая философия развивалась вокруг следующих ключевых вопросов:
- **Познание**: Как человек получает знания? Что такое истина?
- **Бытие и сущность**: Что есть бытие? Какие законы у мира?
- **Мораль**: Какие ценности лежат в основе человеческой жизни?
- **Теология**: Вопросы о Боге, божественном замысле и смысле существования.
- **Логика**: Систематизация мышления и методов доказательств.

---

### **4. Основные философские школы**
#### **А) Древнегреческие школы**
1. **Элеатская школа** (Парменон, Зенон):  
   - Учение о «безразличии» и недостоверности знания.  
   - Противоречие между бытием и несуществующим.  

2. **Сократизм**:  
   - Метод «притирки» для поиска истины.  
   - Вопросы о душе, справедливости и морали.  

3. **Платонизм** (Платон):  
   - Идеализм: существование идеальных форм («Идеи»).  
   - Космология, теория душ и государство как «треугольник» (гражданин-знаток-правитель).  

4. **Аристотелевская школа** (Аристотель):  
   - Материализм: бытие — субстанция, зависимость от материального мира.  
   - Теория четырёх причин, категориальная логика, теология (сущность Бога как «первопричина»).  

5. **Стоицизм** (Церинт, Клеант):  
   - Детерминизм: всё предопределено законами природы.  
   - Нужда в внутренней гармонии и стойкости к внешним обстоятельствам.  

6. **Эпикурантовская школа** (Эпикур):  
   - Идеи радости, умеренности и избегания болезней как путь к счастью.  

7. **Пифагорейство**:  
   - Учение о числах как основе бытия.  
   - Связь души с числами, астрология, ритуалы.

#### **Б) Римская философия**
- **Сенека** (стократическая школа):  
  - Моралистические учения о добродетели и самопознании.  
  - Эпистатические письма как основа этики.

- **Ливийская школа**:  
  - Исследования истории, государства и права (например, Ливий).

---

### **5. Ключевые идеи**
1. **Атомизм** (Демокрит, Левкипп):  
   - Мир состоит из атомов (неделимых частиц) и вакуума.  
   - Всё возникает через соединение атомов.

2. **Понятие «души»**:  
   - Учения о душе как основе жизни (Эпикур), сущности (Аристотель), или как числа (Пифагор).

3. **Идеи и реальность**:  
   - Платон: идеи — реальные, мир чувств — иллюзия.  
   - Аристотель: реальность — субстанция, идеи — отражение бытия.

4. **Этика как основа жизни**:  
   - Сократ: добродетель — путь к истине.  
   - Эпикур: счастье через умеренность и отсутствие страха.  

---

### **6. Влияние на развитие науки и культуры**
- **Физика**: Атомизм стал основой для атомной теории в науке.  
- **Математика**: Логические методы Аристотеля стали базисом современной логики.  
- **Искусство**: Идеи Платона о гармонии и идеальных формах повлияли на архитектуру, живопись и музыку.  
- **Христианство**: Использование греческих понятий (например, «божественность», «сущность») в теологии.

---

### **7. Развитие в эпоху Возрождения**
Классическая философия была восстановлена и переосмыслена в эпоху Возрождения:
- Иоганн Гутенберг: распространение греческих текстов.
- Франсуа Витоны: критика средневековой теологии на основе античных источников.  
- Рене Декарт: сочетание классической логики с новым методом познания.

---

### **8. Заключение**
Классическая философия заложила основы для развития мировой мысли, научного метода и этических принципов. Её идеи остаются актуальными: от вопросов о природе бытия до поиска смысла жизни. Изучение классической философии помогает понять корни современных теорий и культурных традиций.

---

**Примечание**: Для углубленного изучения рекомендуются работы Платона («Диалоги»), Аристотеля («Метафизика», «Этика») и Эпикура («О добродетели»).

","Аналитический обзор классической философии, охватывающий древнегреческие и римские школы, ключевые философские вопросы (познание, бытие, мораль, теология, логика) и их влияние на развитие науки, искусства и культуры. Включает описание основных направлений, таких как элеатизм, сократизм, платонизм, аристотелевская школа, стоицизм, эпикуранство, пифагорейство, а также римскую философию. Также рассматриваются ключевые идеи (атомизм, понятие души, идеи и реальность) и влияние классической философии на развитие науки, искусства, христианства и эпоху Возрождения.",Философия,"Классическая философия: основы, направления и наследие",,1,0,0,"Учебный материал по классической философии соответствует методическим рекомендациям, но содержит несколько погрешностей и требует корректировки. Особенно важно уточнить временные рамки и историческую точность некоторых событий.",False,textbook_content,medium,
2,2,"text.md:

# Учебный материал: Языки программирования для сервера

---

## 1. **Введение**

Серверное программирование — это процесс создания программ, которые работают на сервере и обрабатывают запросы от клиентов (например, пользовательских браузеров, мобильных приложений или других сервисов). Выбор языка программирования для сервера влияет на производительность, удобство разработки, безопасность и масштабируемость системы. 

**Ключевые задачи серверного программирования:**
- Обработка HTTP-запросов (GET, POST, PUT и т.д.)
- Работа с базами данных
- Работа с API (REST, GraphQL)
- Асинхронная обработка запросов
- Оптимизация ресурсов сервера

---

## 2. **Основные языки программирования для сервера**

### **Python**
**Особенности:**
- Простота синтаксиса и удобство чтения кода.
- Богатая экосистема библиотек (например, Flask, Django, FastAPI).
- Поддержка асинхронного программирования (async/await).

**Применение:**
- Веб-сервисы (Django, Flask)
- API (FastAPI)
- Обработка данных и аналитика
- Машинное обучение (в комбинации с другими инструментами)

**Плюсы:**  
- Быстрое прототипирование.  
- Хорошая поддержка в сообществе.  
- Удобство для новичков.

**Минусы:**  
- Меньше производительность по сравнению с C++ или Go на уровне низкоуровневых операций.  
- Нужен дополнительный ""хак"" для масштабирования (например, использование Gunicorn + Nginx).

---

### **Java**
**Особенности:**
- Статически типизированный язык с компиляцией в байты.
- Платформенная независимость (JVM).
- Многообразие фреймворков (Spring Boot, Play Framework).

**Применение:**
- Корпоративные приложения
- Сервисы на больших масштабах
- REST API

**Плюсы:**  
- Высокая производительность.  
- Устойчивость к уязвимостям (JVM сильна в безопасностях).  
- Отличная поддержка для enterprise.

**Минусы:**  
- Сложный синтаксис по сравнению с Python.  
- Меньше возможностей для асинхронной работы без дополнительных библиотек (например, CompletableFuture).

---

### **C#**
**Особенности:**
- Используется в .NET Framework и .NET Core.
- Поддержка асинхронного программирования (async/await).
- Интеграция с базами данных (Entity Framework), REST API (ASP.NET Web API).

**Применение:**
- Внутренние корпоративные системы
- Мобильные приложения (в комбюнке с Xamarin)
- Серверы для игр (Unity)

**Плюсы:**  
- Отличная интеграция с базами данных.  
- Поддержка высокой производительности через C++ Interop.

**Минусы:**  
- Ограниченная поддержка в некоторых областях (например, WebAssembly).  
- Более сложный стек технологий по сравнению с Python или JavaScript.

---

### **JavaScript/Node.js**
**Особенности:**
- Язык программирования для клиентской и серверной части.
- Асинхронная работа через событийную модель (event loop).
- Стандартные библиотеки (Express, Koa, NestJS).

**Применение:**
- REST API
- Микросервисы
- Реальные-time приложения (WebSocket)

**Плюсы:**  
- Портативность (один язык для фронтенда и бэкенда).  
- Быстрый старт благодаря огромному количеству готовых решений.  
- Поддержка асинхронности встроена.

**Минусы:**  
- Может быть медленнее в производительности по сравнению с C++ или Go.  
- Важно использовать правильные паттерны (например, корректное использование Promises/async/await).

---

### **Go (Golang)**
**Особенности:**
- Статически типизированный язык с простым синтаксисом.
- Поддержка асинхронного программирования через goroutines.
- Высокая производительность и низкий уровень утечек памяти.

**Применение:**
- Микросервисы
- Веб-серверы (Gin, Echo)
- Дистрибутивные системы

**Плюсы:**  
- Сверхбыстрая производительность.  
- Простота в написании.  
- Отличная поддержка для масштабных систем.

**Минусы:**  
- Меньше библиотек по сравнению с Python или Java.  
- Не лучший выбор для сложных систем (например, базы данных).

---

### **PHP**
**Особенности:**
- Простой синтаксис.
- Работает в комбинации с MySQL и другими СУБД.
- Поддержка асинхронного программирования через библиотеки (например, React PHP).

**Применение:**
- Веб-сайты
- REST API
- CMS (WordPress, Drupal)

**Плюсы:**  
- Быстрый старт.  
- Поддержка большого количества готовых решений.

**Минусы:**  
- Слабая производительность на низком уровне (оптимизация через оптимизации).  
- Ограниченные возможности в современных архитектурах.

---

### **Ruby**
**Особенности:**
- Простой и читаемый синтаксис.
- Фреймворк Ruby on Rails (ORM, быстрая разработка).

**Применение:**
- Веб-приложения
- CMS

**Плюсы:**  
- Скорость разработки.  
- Отличное сообщество и документация.

**Минусы:**  
- Меньше производительности на больших масштабах.  
- Не лучший выбор для высоконагруженных систем.

---

### **Rust**
**Особенности:**
- Строго типизированный язык с управлением памяти.
- Безопасность в первую очередь (предотвращает утечки и ошибки).
- Поддержка асинхронного программирования.

**Применение:**
- Серверы для критически важных систем
- Работа с низкоуровневыми операциями

**Плюсы:**  
- Высокая безопасность и производительность.  
- Поддержка мемоизации и управляемой памяти.

**Минусы:**  
- Сложный синтаксис для новичков.  
- Меньше библиотек по сравнению с Python или Java.

---

### **Swift**
**Особенности:**
- Современный язык с безопасностью в первую очередь.
- Основной язык разработки для iOS и macOS серверов (например, через Kitura).

**Применение:**
- Серверы на iOS/macOS
- REST API

**Плюсы:**  
- Высокая производительность.  
- Поддержка современных паттернов.

**Минусы:**  
- Ограниченная поддержка в других экосистемах (например, веб-серверы).  
- Меньше сообщества по сравнению с Python или JavaScript.

---

## 3. **Как выбрать язык программирования для сервера?**

### **Критерии выбора:**
1. **Производительность:** Если требуется высокая производительность (например, в микросервисах), подойдут Go, Rust или C#.  
2. **Экосистема библиотек:** Python и JavaScript имеют огромное количество готовых решений.  
3. **Сообщество и документация:** Java и Python поддерживаются большими сообществами.  
4. **Асинхронность:** Go, Node.js, Rust и C# подходят для асинхронной работы.  
5. **Масштабируемость:** Если нужен высокий уровень масштабирования — выбирайте Go или Java.  
6. **Безопасность:** Rust и C# обеспечивают более высокую безопасность при работе с памятью.

### **Подводные камни:**
- Не все языки одинаково хорошо подходят для всех задач. Например, Python не лучший выбор для высоконагруженных систем.
- Асинхронность — это мощный инструмент, но требует правильного использования (например, избегайте блокировок).
- Никогда не игнорируйте безопасность: даже при использовании Python можно защитить сервер от уязвимостей.

---

## 4. **Примеры комбинаций языков**
1. **Python + PostgreSQL** — для веб-сервисов с базами данных.
2. **Go + MongoDB** — для высоконагруженных систем.
3. **JavaScript (Node.js) + Express** — для быстрого API.
4. **Java + Spring Boot** — для enterprise-приложений.

---

## 5. **Вывод**
Выбор языка программирования для сервера зависит от конкретной задачи, команды разработчиков и требуемой производительности. Python и JavaScript удобны для быстрого стартового прототипа, Go и Rust подходят для высоконагруженных систем, а Java — для enterprise-решений. Важно учитывать экосистему библиотек, сообщество и безопасность при выборе языка.

**Совет:** Начните с простого решения (например, Python или JavaScript) и постепенно переходите к более сложным технологиям, если потребуется масштабирование.

sinie-tochki.pptx:

## Слайд 1
Вставьте заголовок
Lorem ipsum dolor sit amet, consectetur adipiscing elit, sed do eiusmod tempor incididunt ut labore et dolore magna aliqua.
## Слайд 2
Вставьте заголовок
Lorem ipsum dolor sit amet, consectetur adipiscing elit, sed do eiusmod tempor incididunt ut labore et dolore magna aliqua.
Lorem ipsum dolor sit amet, consectetur adipiscing elit, sed do eiusmod tempor incididunt ut labore et dolore magna aliqua.
Lorem ipsum dolor sit amet, consectetur adipiscing elit, sed do eiusmod tempor incididunt ut labore et dolore magna aliqua.
Lorem ipsum dolor sit amet, consectetur adipiscing elit, sed do eiusmod tempor incididunt ut labore et dolore magna aliqua.
Шаблоны презентаций с сайта presentation-creation.ru
## Слайд 3
Вставьте заголовок
Lorem ipsum dolor sit amet, consectetur adipiscing elit, sed do eiusmod tempor incididunt ut labore et dolore magna aliqua.
Lorem ipsum dolor sit amet, consectetur adipiscing elit, sed do eiusmod tempor incididunt ut labore et dolore magna aliqua.
Шаблоны презентаций с сайта presentation-creation.ru
## Слайд 4
Вставьте заголовок
Lorem ipsum dolor sit amet, consectetur adipiscing elit, sed do eiusmod tempor incididunt ut labore et dolore magna aliqua.
Вставьте заголовок
Lorem ipsum dolor sit amet, consectetur adipiscing elit, sed do eiusmod tempor incididunt ut labore et dolore magna aliqua.
Вставьте заголовок
Lorem ipsum dolor sit amet, consectetur adipiscing elit, sed do eiusmod tempor incididunt ut labore et dolore magna aliqua.
Вставьте заголовок
Шаблоны презентаций с сайта presentation-creation.ru
## Слайд 5
Вставьте заголовок
987 654 321
Шаблоны презентаций с сайта presentation-creation.ru
Lorem ipsum dolor sit amet, consectetur adipiscing elit, sed do eiusmod tempor incididunt ut labore et dolore magna aliqua.
## Слайд 6
Вставьте заголовок
1
Lorem ipsum dolor sit amet, consectetur adipiscing elit, sed do eiusmod tempor incididunt ut labore et dolore magna aliqua.
2
3
Lorem ipsum dolor sit amet, consectetur adipiscing elit, sed do eiusmod tempor incididunt ut labore et dolore magna aliqua.
Lorem ipsum dolor sit amet, consectetur adipiscing elit, sed do eiusmod tempor incididunt ut labore et dolore magna aliqua.
Шаблоны презентаций с сайта presentation-creation.ru
## Слайд 7
Вставьте заголовок
Шаблоны презентаций с сайта presentation-creation.ru
## Слайд 8
Вставьте заголовок
Шаблоны презентаций с сайта presentation-creation.ru
## Слайд 9
Источники
presentation-creation.ru
## Слайд 10
СПАСИБО","Данный учебный материал посвящён выбору языков программирования для разработки серверных приложений. В нём рассматриваются основные языки (Python, Java, C#, JavaScript/Node.js, Go, PHP, Ruby, Rust, Swift), их особенности, плюсы и минусы, а также критерии выбора в зависимости от требований системы. Также приводятся примеры комбинаций языков с базами данных и фреймворками.",Системное администрирование,"Языки программирования для сервера: выбор, особенности и применение",,1,1,1,"Учебный материал соответствует методическим рекомендациям. Он содержит четкую структуру, включая вводную и итоговую части, а также подробное описание языков программирования для сервера с критериями выбора. Источники актуальны, и материал соответству",False,text,medium,0.0
3,3,"text.md:

**Учебный материал по теме: Литературный анализ и стилистика**

---

### **1. Основные понятия**
#### **Литературный анализ**
Литературный анализ — это научный метод исследования художественного произведения, направленный на выявление его смысла, структуры, жанра, художественных средств и значения в культуре. Цель анализа — понять, как автор использует язык, образы, темы и композицию для передачи идеи и эмоций.

#### **Стилистика**
Стилистика — наука о языке литературы, изучающая систему языковых средств (слова, структура предложений, риторические приёмы), которые автор использует для создания художественного образа. Стилистика помогает понять, как стиль влияет на восприятие произведения и его эмоциональное воздействие.

---

### **2. Цели и задачи литературного анализа**
#### **Цели:**
- Понимание смысла произведения в контексте автора, времени и культуры.
- Выявление художественных особенностей и их роли в передаче темы.
- Оценка значимости произведения для литературы и общества.

#### **Задачи:**
1. **Анализ содержания:** определение темы, идеи, главной мысли произведения.
2. **Исследование жанра:** выявление особенностей формы (повесть, роман, драма).
3. **Структурный разбор:** изучение композиции, начала, середины и конца произведения.
4. **Художественный анализ:** рассмотрение средств выразительности (метафоры, символы, эпитеты), характеров, диалогов.
5. **Критическое восприятие:** оценка достоинств и недостатков произведения.

---

### **3. Основные понятия стилистики**
#### **Стиль как система языковых средств:**
Стиль — это особенность художественного выражения, которая выделяет автора и его произведение. Стиль включает:
- **Лексику** (слова, термины).
- **Грамматику** (строение предложений).
- **Риторику** (приёмы убедительности: риторические вопросы, восклицания).
- **Стилистические фигуры** (метафоры, олицетворение).

#### **Типы стилей в литературе:**
1. **Художественный стиль:** использует образные слова, эмоциональные выражения (пример: Пушкин, Толстой).
2. **Научный стиль:** точный, формальный язык (мемуары, сочинения).
3. **Официально-деловой стиль:** лаконичный, без эмоций (документы, письма).
4. **Разговорный стиль:** простой, близкий к ежедневной речи.
5. **Смешанный стиль:** сочетание различных стилей (например, в поэзии или прозе).

---

### **4. Методы литературного анализа**
1. **Линейный анализ:** изучение произведения последовательно, от начала до конца.
2. **Стилистический анализ:** исследование языковых средств и их роль в передаче содержания.
3. **Историко-критический метод:** учитывает исторический контекст создания произведения.
4. **Интертекстуальный анализ:** изучение связи с другими текстами, традициями и культурными кодами.
5. **Постструктурализм:** фокус на структуре текста и его неоднозначности.

---

### **5. Примеры анализа**
#### **Пример 1: ""Капитанская дочка"" Пушкина**
- **Содержание:** история о любви, предательстве и верности.
- **Жанр:** историко-бытовая повесть.
- **Художественные средства:** эпитеты (""молодая, красивая""), метафоры (""сердце дрожит"").
- **Стилистика:** живой язык, смесь разговорных и художественных форм.

#### **Пример 2: ""Три товарища"" Горького**
- **Содержание:** критика социальной несправедливости.
- **Жанр:** социально-философская проза.
- **Художественные средства:** символы (например, ""третий путь""), диалоги с внутренним монологом.
- **Стилистика:** поэтические обороты, умение передавать эмоции через язык.

---

### **6. Значение стилистики в анализе**
- Позволяет понять, как автор использует слова для создания образов и передачи настроения.
- Показывает индивидуальность автора (например, стиль Лермонтова отличается меланхоличностью).
- Помогает выявить скрытые смыслы и двойные значения текста.

---

### **7. Практическое применение**
- **Образование:** обучение анализу текстов в школе и вузах.
- **Критика:** оценка произведений с точки зрения художественных достижений.
- **Писательство:** понимание, как создавать эффектные тексты.

---

### **8. Заключение**
Литературный анализ и стилистика — ключевые инструменты для глубокого понимания произведений. Они помогают не только разобраться в содержании, но и оценить художественный уровень текста, его значение для читателя и культуры. Изучение этих направлений развивает критическое мышление и умение воспринимать литературу как искусство.

---

**Вывод:**  
Литературный анализ и стилистика — взаимосвязанные дисциплины, которые позволяют не только ""читать"" произведение, но и ""понимать"", как оно создаётся. Они помогают раскрыть тайны текста, выявить авторскую индивидуальность и оценить значение произведения в литературе и обществе.

","Учебный материал, посвященный основам литературоведения. Включает определение и цели литературного анализа, понятие стилистики, методы анализа текстов, примеры из разных жанров (историко-бытовая повесть, социально-философская проза) и практическое применение. Материал подходит для студентов, изучающих литературу, филологию или критику искусства.",Философия,Литературный анализ и стилистика,,1,0,0,"Учебный материал по теме «Литературный анализ и стилистика» соответствует методическим рекомендациям, но требует доработки в части языковой доступности. Содержание и структура логичны, однако некоторые термины могут быть слишком специализированными (",False,учебный_материал,medium,0.0
4,4,"text.md:

Как алгоритм находит закономерности
Механика обучения: функция потерь, градиентный спуск и переобучение

←
Предварительные знания: Статьи 1 и 2 — понятия модели, признаков и выборок.
Что значит «обучиться»
В статьях 1 и 2 мы выяснили, что модель учится на данных. Но как именно происходит это обучение? Модель имеет внутренние параметры — числа, которые определяют её поведение. На старте они случайные. Задача обучения — найти такие значения параметров, при которых модель делает минимальное количество ошибок.

Функция потерь
Функция потерь (loss function) — это мера того, насколько плохо модель справляется. Она сравнивает предсказанный ответ с правильным и возвращает число: чем оно больше, тем хуже. Например, при предсказании цен функция потерь может считать среднеквадратичное отклонение от реальных значений.

Цель обучения — минимизировать функцию потерь на обучающей выборке.

Аналогия: представьте, что вы спускаетесь с горы в тумане, каждый раз делая шаг туда, где немного ниже. Это и есть градиентный спуск — итеративный метод нахождения минимума функции потерь.

Переобучение и регуляризация
Переобучение (overfitting) — ситуация, когда модель слишком хорошо «выучила» обучающие данные, включая их случайные шумы, и плохо работает на новых. Это как студент, который зазубрил билеты, но не понял предмет.

Для борьбы с переобучением применяют регуляризацию — штрафуют модель за излишнюю сложность — и увеличивают объём данных. Именно поэтому разделение на выборки, о котором шла речь в статье 2, так важно: тестовая выборка показывает, не зазубрила ли модель обучающие данные.

Итоги статьи
Обучение — это минимизация функции потерь путём настройки параметров
Градиентный спуск — ключевой метод оптимизации в ML
Переобучение возникает, когда модель слишком «подогнана» под обучающие данные
Регуляризация и тестовая выборка помогают диагностировать и предотвращать переобучение

","Статья объясняет основные принципы обучения моделей в машинном обучении. Рассматривается, как модели находят оптимальные параметры для минимизации функции потерь, что такое градиентный спуск и почему он является ключевым методом оптимизации. Также описывается проблема переобучения, её причины и способы борьбы — регуляризация и важность тестовой выборки.",Машинное обучение,"Как алгоритм находит закономерности: функция потерь, градиентный спуск и переобучение",,1,0,0,"Текст соответствует методическим рекомендациям по содержанию, структуре и языку. Однако в части методической обоснованности отсутствуют конкретные дидактические решения (например, типы заданий, формы работы), что делает его менее полным.",False,text,medium,0.0
5,5,"text.md:

# Как данные превращаются в «пищу» для алгоритма: шаги и примеры  

![](images.jpg)

Предварительные знания: Статья 1 — «Машинное обучение: от данных к предсказаниям».

## 1. **Сбор данных: первоначальный источник**  
Машинное обучение начинается с сбора данных. Данные могут быть:  
- **Структурированными** (например, таблицы в Excel или базах данных).  
- **Неструктурированными** (текст, изображения, аудио, видео).  

**Примеры источников:**  
- Сайты интернета (для текста/изображений).  
- Базы данных (например, продажи товаров в магазине).  
- Датчики IoT (температура, влажность).  

**Важно:** Неверные или неполные данные могут привести к неэффективной модели.  

---

## 2. **Предобработка данных: очистка и подготовка**  
Перед использованием данные требуют очистки:  

### a) **Обработка пропусков**  
Удаление или заполнение отсутствующих значений (например, средним, медианой или предсказанием).  

**Пример:**  
Если в таблице с клиентами есть пропущенные значения в колонке ""возраст"", их можно заполнить средним возрастом.  

### b) **Удаление дубликатов**  
Повторяющиеся записи могут искажать результаты.  

### c) **Обработка категориальных переменных**  
Некоторые алгоритмы не работают с текстом (например, ""мужской"", ""женский""). Их нужно преобразовать:  
- **One-Hot Encoding:** Создание бинарных признаков для каждой категории.  
  - Пример: [""красный"", ""синий""] → [1,0] и [0,1].  
- **Label Encoding:** Замена категориальных значений числами (для некоторых алгоритмов).  

**Пример:**  
Для данных с колонкой ""город"" (""Москва"", ""Санкт-Петербург"") можно использовать One-Hot Encoding:  
```python
pd.get_dummies(df, columns=['город'])
```

### d) **Нормализация и стандартизация**  
Приведение числовых признаков к одному масштабу (например, от 0 до 1 или среднее значение 0, стандартное отклонение 1).  

**Пример:**  
Для данных с ценами товаров:  
```python
from sklearn.preprocessing import StandardScaler  
scaler = StandardScaler()  
df_scaled = scaler.fit_transform(df)
```

---

## 3. **Преобразование данных в числовой формат**  
Многие алгоритмы требуют числовых данных. Для текста используется:  

### a) **TF-IDF (Term Frequency-Inverse Document Frequency)**  
Перевод текста в числа, отражающие важность слов.  

**Пример:**  
Текст ""Кот - животное"" → TF-IDF преобразует это в вектор чисел, где каждый элемент соответствует словам.  

### b) **Метод BERT (или другие предобученные модели)**  
Для более сложных задач текста используется трансформерный подход, который генерирует числовые представления слов.  

---

## 4. **Разбиение данных на обучающую и тестовую выборки**  
Чтобы проверить качество модели, данные разделяются:  

- **Обучающая выборка (80%):** используется для обучения модели.  
- **Тестовая выборка (20%):** проверяет, насколько модель работает с новыми данными.  

**Пример кода:**  
```python
from sklearn.model_selection import train_test_split  
X_train, X_test, y_train, y_test = train_test_split(X, y, test_size=0.2)
```

---

## 5. **Обучение модели: как алгоритм ""питается""**  
Модель учится, анализируя данные и настраивая свои параметры (веса).  

### a) **Целевая переменная**  
- Для задач классификации: метка (например, ""добрый клиент"", ""плохой клиент"").  
- Для регрессии: числовое значение (например, цена товара).  

### b) **Выбор алгоритма**  
Существует множество моделей:  
- **Линейная регрессия:** для прогнозирования числовых значений.  
- **Деревья решений:** для классификации или регрессии.  
- **Нейронные сети:** для сложных задач (например, распознавание изображений).  

**Пример обучения модели (линейная регрессия):**  
```python
from sklearn.linear_model import LinearRegression  
model = LinearRegression()  
model.fit(X_train, y_train)  # Обучение модели на обучающих данных
```

---

## 6. **Оценка качества модели: как проверить, ""насыщена ли модель""**  
После обучения необходимо проверить, насколько модель работает с тестовыми данными.  

### a) **Метрики оценки:**  
- Для классификации: точность (accuracy), F1-score, ROC-AUC.  
- Для регрессии: средняя квадратичная ошибка (MSE).  

**Пример метрики MSE для регрессии:**  
```python
from sklearn.metrics import mean_squared_error  
mse = mean_squared_error(y_test, model.predict(X_test))
```

### b) **Гиперпараметры и тонкая настройка**  
Модели имеют параметры (например, количество деревьев в случайном лесе), которые нужно оптимизировать.  

---

## 7. **Заключение: данные как ""пища"" для алгоритма**  
Процесс превращения данных в модель можно представить как:  
1. **Сбор и очистка** — подготовка «сырого» материала.  
2. **Преобразование** — перевод в числовой формат.  
3. **Обучение модели** — алгоритм ""голодает"", но получает пищу (данные).  
4. **Проверка и настройка** — модель учится правильно ли питаться.  

**Пример из жизни:**  
Если вы хотите предсказать, будет ли клиент заказывать товар, вы:  
1. Соберете данные о покупках, рейтингах, истории.  
2. Очистите их от ошибок (например, пропущенные значения).  
3. Преобразуйте текстовые комментарии в числа (например, с помощью TF-IDF).  
4. Обучите модель (например, случайный лес), чтобы она предсказывала покупки.  
5. Проверьте точность модели на тестовых данных и улучшите её.  

---

## 📌 Резюме:  
- Данные — это ""пища"" для алгоритма.  
- Без правильной обработки данные могут ""проблемно питать"" модель.  
- Качественная предобработка и выбор модели — ключ к успеху.  

**Вопросы на понимание:**  
1. Почему важно нормализовать числовые признаки?  
2. Какой метод используется для преобразования текста в числовой формат?  
3. Зачем нужна тестовая выборка?  

--- 

*Продолжение: следующий шаг — изучение популярных алгоритмов и примеров на практике.*

","Статья подробно описывает процесс подготовки данных (сбор, предобработка, преобразование) до их использования в машинном обучении. Включает примеры очистки данных, нормализации, кодирования категориальных переменных, и преобразования текста. Также рассматриваются этапы обучения модели, оценки её качества и практические примеры применения.",Машинное обучение,Как данные превращаются в «пищу» для алгоритма: шаги и примеры,,1,0,0,"Учебный материал соответствует методическим рекомендациям по содержанию, структуре и языку. Однако в части методической обоснованности (критерий 2) отсутствуют конкретные дидактические решения, такие как этапы обучения, типы заданий, контрольные упом",False,учебный материал,medium,0.0
6,6,"text.md:

**Учебный материал на тему: Целые и дробные числа (обыкновенные и десятичные дроби)**  
*Для учащихся 5–6 классов*

---

### **1. Основные понятия**

#### **Целые числа**  
Целые числа — это числа, которые не имеют дробной части. К ним относятся:  
- **Натуральные числа**: положительные целые числа (1, 2, 3, ...).  
- **Ноль (0)**.  
- **Отрицательные числа** (−1, −2, −3, ...).  

Примеры:  
- Целые числа: ..., −3, −2, −1, 0, 1, 2, 3, ...  
- Нецелые числа: 0.5; 2/3; π (число Пи).

---

### **2. Дробные числа**  
Дробные числа представляют собой часть целого и могут быть представлены в двух формах:

#### **Обыкновенные дроби**  
Обыкновенная дробь записывается как **числитель/знаменатель**:  
- **Числитель (верхнее число)**: показывает, сколько частей взято.  
- **Знаменатель (нижнее число)**: показывает, на сколько равных частей разделено целое.  

**Виды обыкновенных дробей**:  
1. **Правильные дроби** — числитель меньше знаменателя (например, 2/5).  
   - Значение дроби меньше единицы.  
2. **Неправильные дроби** — числитель больше или равен знаменателю (например, 7/4).  
   - Значение дроби ≥ 1.  

Пример:  
- 3/8 — правильная дробь.  
- 5/2 — неправильная дробь.

#### **Десятичные дроби**  
Десятичная дробь записывается с использованием запятой, отделяющей целую часть от дробной:  
- Пример: 0.75 (читается как ""ноль целых семьдесят пять сотых"").  

**Виды десятичных дробей**:  
1. **Конечные дроби** — дробная часть содержит конечное число знаков (например, 0.25).  
2. **Бесконечные дроби** — дробная часть имеет бесконечно много знаков (например, 0.(3) = 0.333...).

---

### **3. Преобразование между формами дробей**

#### **Обыкновенные дроби → десятичные**  
Чтобы преобразовать обыкновенную дробь в десятичную, нужно разделить числитель на знаменатель.  

Пример:  
- 3/4 = 3 ÷ 4 = **0.75**  
- 1/3 = 1 ÷ 3 ≈ **0.(3)**

#### **Десятичные дроби → обыкновенные**  
Чтобы записать десятичную дробь как обыкновенную, нужно представить её в виде дроби с знаменателем, соответствующим разряду последнего знака.  

Пример:  
- 0.25 = 25/100 = **1/4** (сокращаем на 25).  
- 0.166... = 166/999 = **1/6**.

---

### **4. Сравнение дробей**

#### **Обыкновенные дроби**  
Чтобы сравнить обыкновенные дроби:  
1. Привести их к общему знаменателю.  
2. Сравнить числители.  

Пример:  
- 3/5 и 2/7 → общий знаменатель 35.  
  - 3/5 = 21/35, 2/7 = 10/35 ⇒ **3/5 > 2/7**.

#### **Десятичные дроби**  
Сравнение десятичных дробей происходит по разрядам:  
- Сравнивают целые части, затем дробные.  

Пример:  
- 0.85 > 0.79 (целые части равны, смотрим дробную часть).  
- 1.234 < 1.235.

---

### **5. Арифметические действия с дробями**

#### **Сложение и вычитание**  
Для сложения/вычитания:  
1. Обыкновенные дроби — привести к общему знаменателю, сложить/вычесть числители.  
2. Десятичные дроби — записать их в столбик, выровнять запятые, выполнять действия как с целыми числами.  

Пример:  
- 1/2 + 1/4 = (2 + 1)/4 = **3/4**.  
- 0.5 + 0.75 = **1.25**.

#### **Умножение и деление**  
1. Обыкновенные дроби: умножить числитель на числитель, знаменатель на знаменатель; при делении — умножить на обратную дробь.  
2. Десятичные дроби: умножение/деление происходит как с целыми числами, с учетом количества знаков после запятой.  

Пример:  
- 1/2 × 3/4 = (1×3)/(2×4) = **3/8**.  
- 0.5 × 0.2 = 0.1.

---

### **6. Приложения в жизни**
Дроби используются повсеместно:  
- В кулинарии (например, половина ложки сахара).  
- В финансах (проценты, кредиты).  
- В науке и технике (измерение величин).  

---

### **7. Итог**
- **Целые числа** — это числа без дробной части.  
- **Дробные числа** включают:  
  - Обыкновенные дроби (числитель/знаменатель).  
  - Десятичные дроби (с запятой).  
- Важно знать, как преобразовывать между формами дробей и выполнять арифметические действия с ними.

---

**Дополнительно**:  
- Практикуйтесь в решении задач на сложение/вычитание дробей.  
- Изучите правила округления десятичных дробей (например, 0.457 ≈ 0.46 при округлении до сотых).  

","Учебный материал, посвященный изучению целых и дробных чисел. Включает определения, виды дробей, правила преобразования между формами дробей (обыкновенные → десятичные, и наоборот), а также алгоритмы выполнения арифметических действий с дробями (сложение, вычитание, умножение, деление). Также рассматриваются способы сравнения дробей и их применение в повседневной жизни. Материал предназначен для учащихся 5–6 классов.",Математика,Целые и дробные числа (обыкновенные и десятичные дроби),,1,1,1,"Учебный материал на тему «Целые и дробные числа» (обыкновенные и десятичные дроби) для учащихся 5–6 классов, представленный в формате text.md, соответствует всем четырем ключевым критериям качества образовательного контента. Материал структурирован л",False,учебный материал,medium,0.0
7,7,"text.md:

### **Грамматика и пунктуация: основные правила и примеры**

#### **1. Грамматика**
Грамматика — это система правил, регулирующая построение предложений, использование слов и их функций в тексте. Основные разделы грамматики:
- **Части речи**: существительные, прилагательные, глаголы, местоимения, наречия, числительные, союзы, предлоги.
- **Синтаксис**: порядок слов в предложении, связь частей предложения.
- **Морфология**: изучение форм и изменений слов (падежи, спряжение, склонение).

##### **1.1. Части речи**
**Существительные** — обозначают предметы, явления, понятия.  
Пример: стол, радость, свобода.

**Прилагательные** — описывают признаки существительных.  
Пример: красивый дом, интересный фильм.

**Глаголы** — выражают действие или состояние.  
Пример: читать, петь, быть.

**Местоимения** — заменяют существительные.  
Пример: он, она, это.

**Наречия** — уточняют глаголы.  
Пример: быстро, хорошо, часто.

**Числительные** — обозначают количество или порядок.  
Пример: один, два, первый, второй.

**Союзы** — соединяют слова и предложения.  
Пример: и, а, но.

**Предлоги** — указывают отношения между словами.  
Пример: в, на, около, через.

##### **1.2. Синтаксис**
Синтаксис определяет порядок слов в предложении. Основные виды предложений:
- **Определительное** (изложение факта): Мальчик читает книгу.
- **Восклицательное** (выражение эмоции): Какая красивая картина!
- **Повествовательное** (рассказ): Мы пошли в парк.
- **Запытительное** (вопрос): Где находится музей?

Пример сложного предложения:  
**Мальчик, который любит читать, пошел в библиотеку.**

##### **1,3. Морфология**
- **Падежи**: именительный (назывной), родительный (признак отсутствия), дательный (получение), винительный (действие), творительный (признак действия), предложный (место, направление).  
Пример: книга (именительный), книги (родительный), книге (дательный).

- **Спряжение глаголов**: зависит от лица и числа.  
Пример: я читаю, ты читаешь, он читает.

- **Склонение существительных**: изменяется в зависимости от падежа.  
Пример: стол (именительный), стола (родительный).

#### **2. Пунктуация**
Пунктуация — это использование знаков препинания для разделения частей текста и уточнения смысла. Основные знаки:
- Запятая (,)  
- Тире (—)  
- Кавычки (“”)  
- Точка (.)  
- Восклицательный знак (!)  
- Запятая (,)  
- Сemicolon (;)  
- Колонка (:)

##### **2.1. Правила использования знаков**
**Запятая (,):**
- После вводных слов: В общем, это интересная тема.
- При перечислении: Я люблю чай, кофе и молоко.
- После обращения: Ты прав! Это действительно важно.

**Тире (—):**
- Для объяснения или уточнения: Мальчик — студент университета.
- В сложных предложениях: Утром я проснулся — ветер дул сильный.

**Кавычки (“”):**
- Для цитирования: Он сказал: «Я пойду домой».
- Для выделения эпитетов: «Прекрасная погода!»

**Точка (.) и восклицательный знак (!):**
- Точка — в конце повествительного предложения.  
- Восклицательный знак — в конце восклицательного.

##### **2.2. Ошибки и их исправление**
- **Забытая запятая**:  
  ❌ Я люблю чай кофе и молоко.  
  ✅ Я люблю чай, кофе и молоко.

- **Неправильное использование тире**:  
  ❌ Мальчик студент университета.  
  ✅ Мальчик — студент университета.

- **Ошибка в кавычках**:  
  ❌ Он сказал «я пойду домой».  
  ✅ Он сказал: «Я пойду домой».

#### **3. Практические советы**
1. **Читайте тексты внимательно** и проверяйте знаки препинания.
2. **Используйте словарь** для уточнения правил грамматики.
3. **Пишите короткие предложения** и старайтесь избегать длинных конструкций без запятых.
4. **Проверяйте текст на наличие повторов**, чтобы сделать его более четким.

#### **Вывод**
Грамматика и пунктуация — основа правильного письма. Понимание правил поможет избежать ошибок, улучшить стиль текста и сделать коммуникацию эффективной. Регулярная практика и внимание к деталям приведут к более грамотному использованию языка.

","Учебный материал посвящен изучению основных правил русской грамматики (части речи, синтаксис, морфология) и пунктуации. Включает объяснение терминов, примеры использования, а также практические советы и типичные ошибки для улучшения письменной коммуникации.",Русский язык,Грамматика и пунктуация: основные правила и примеры,,1,0,1,"Учебный материал по грамматике и пунктуации соответствует методическим рекомендациям, но содержит несколько ошибок. Структура логична, содержание актуально, язык доступен, однако некоторые фактические ошибки (например, в названии раздела) снижают общ",False,учебный_материал,medium,0.0
8,8,"text.md:

**Учебный материал: Этика и мораль**

---

### **1. Основные понятия**
- **Этика (от греч. *ethos* — нравственный облик)**  
  Наука, изучающая нормы и принципы поведения, которые регулируют отношения между людьми и обществом. Этика анализирует моральные ценности, правила поведения, а также философские основания морали.

- **Мораль (от лат. *moralis* — относящийся к нраву)**  
  Система внутренних убеждений и внешних норм поведения, основанная на принципах добра и зла. Мораль формируется обществом и отражает его ценности, традиции и культурные особенности.

**Различие:**  
Этика — это теоретическая основа морали; она исследует, какие действия правильны или неправильны с точки зрения общечеловеческих ценностей. Мораль — это конкретное применение этических принципов в повседневной жизни.

---

### **2. Исторические подходы к этике и морали**
1. **Традиционные философские школы:**  
   - **Эпикуреизм** (Древняя Греция): Поиск счастья через удовлетворение естественных желаний.  
   - **Стокийская этика** (Древний Китай): Уважение к родителям, искренность, честность.  
   - **Христианская мораль:** Подчинение Богу, любовь к ближним, покаяние.  

2. **Классическая европейская этика (средневековье–новое время):**  
   - **Аристотель** (этика как наука о добродетели).  
   - **Сократ** (метод диалога для осмысления моральных вопросов).  

3. **Модернизация:**  
   - **Кант** (действия должны быть основаны на универсальных принципах — *категорическом imperative*).  
   - **Бентам** (утилитаризм: правильное действие — то, что приносит наибольшую пользу большинству).  

---

### **3. Основные этические теории**
1. **Деонтическая этика**  
   - Фокус на обязанностях и правилах: *«Ты должен»*, а не на последствиях.  
   - Пример: Действие «помочь старикам» считается морально правильным, независимо от результата.  

2. **Консеквентная этика (утилитаризм)**  
   - Правильность действия зависит от последствий: *«Делай то, что приносит наибольшую пользу»*.  
   - Пример: Пускать в бойню одного человека, чтобы спасти множество.  

3. **Виртуальная этика** (влияние Аристотеля)  
   - Этика как развитие добродетели через постоянные действия и примеры.  
   - Цель — становление личности, способной выбирать правильное в сложных ситуациях.  

4. **Этика относительизма**  
   - Моральные нормы зависят от культуры, общества или индивида.  
   - Пример: В некоторых культурах уважение к старшим является главной ценностью.  

---

### **4. Современные вызовы этики и морали**
1. **Этика в науке и технологии:**  
   - Искусственный интеллект: Правильно ли использовать алгоритмы для принятия решений?  
   - Биотехнологии: Этичны ли генетические эксперименты или клонирование?  

2. **Этика в бизнесе и политике:**  
   - Корпоративная этика: Правомерно ли давать льготы для руководителей, если это ухудшает условия для сотрудников?  
   - Политическая мораль: Какие действия могут быть приемлемыми при принятии решений в интересах государства?  

3. **Этика в обществе:**  
   - Равенство и справедливость: Правильно ли игнорировать интересы меньшинств ради большинства?  
   - Суверенные ценности vs глобальные проблемы (например, климатические изменения).  

---

### **5. Роль этики и морали в жизни человека**
- **Личностное развитие:** Этика помогает формировать внутренние ценности, такие как честность, ответственность, сострадание.  
- **Социальное согласие:** Моральные нормы укрепляют доверие и сотрудничество в обществе.  
- **Повседневные решения:** Умение выбирать между быстрым прибылью и долгосрочным благом (например, честное поведение vs коррупция).  

---

### **6. Практические примеры**
1. **Моральный выбор:**  
   - Сотрудник компании угрожает уволиться, если не поделить прибыль с коллегами.  
   - *Этический анализ:* Решение зависит от принципов (правдоподобность, справедливость).  

2. **Конфликт ценностей:**  
   - Мать выбирает между уходом за больным ребенком и работой.  
   - *Этический аспект:* Сравнение личного блага (работы) и общественного (уход за ребенком).  

---

### **7. Вывод**
Этика и мораль — это не только теория, но и практика. Они помогают людям ориентироваться в сложных ситуациях, где не всегда ясны правильные действия. Понимание этических принципов позволяет строить справедливое общество и развивать личностный потенциал.  

**Вопросы для рефлексии:**  
- Какие ценности вы считаете наиболее важными в жизни?  
- Может ли мораль быть универсальной, или она зависит от культуры?  
- Что делать, когда этические нормы конфликтуют?  

--- 

**Дополнительные источники:**  
- Аристотель. *Никомахова этика*  
- Иммануил Кант. *Начала метафизики добра*  
- Джон Стюарт Милль. *Об искустве быть счастливым*  
- Современные исследования по этике искусственного интеллекта (например, «Этика AI»).  

--- 

Этот материал можно использовать для школьных уроков, дискуссий или самостоятельного изучения темы.

","Учебный материал по философской дисциплине, охватывающий основные понятия, исторические подходы, ключевые этические теории (деонтическая, консеквентная, виртуальная, относительная), современные вызовы этики и морали, а также роль этих понятий в жизни человека. Материал содержит практические примеры и вопросы для рефлексии.",Философия,Этика и мораль,,1,0,0,"Учебный материал по этике и морали соответствует методическим рекомендациям, но требует доработки в некоторых аспектах. Содержание и структура логичны, однако некоторые термины (например, 'этика' и 'мораль') не расшифрованы при первом упоминании, что",False,text,medium,0.0
9,9,"text.md:

**Учебный материал: Планиметрия (треугольники, четырёхугольники, окружности, площадь фигур)**  
*Автор: [Ваше имя или название курса]*  

---

### **1. Введение в планиметрию**  
Планиметрия — раздел геометрии, изучающий свойства и вза имное расположение фигур на плоскости. Основные объекты: точки, прямые, отрезки, углы, треугольники, четырёхугольники, окружности.  
**Цель:** Изучить свойства геометрических фигур и научиться вычислять их площади.

---

### **2. Треугольники**  
**Определение**: Треугольник — это фигура, образованная тремя отрезками (сторонами), соединяющими три точки (вершины), не лежащие на одной прямой.  

#### **Виды треугольников**  
1. **Равносторонний**: все стороны равны, углы по 60°.  
2. **Равнобедренный**: две стороны равны (боковые), углы при основании равны.  
3. **Прямоугольный**: один угол прямой (90°).  

#### **Основные свойства**  
- Сумма углов треугольника: $ \alpha + \beta + \gamma = 180^\circ $.  
- Теорема Пифагора (для прямоугольного треугольника): $ a^2 + b^2 = c^2 $, где $ c $ — гипотенуза.  

#### **Признаки равенства треугольников**  
1. По двум сторонам и углу между ними (боковой признак).  
2. По стороне и двум прилежащим углам.  
3. По трем сторонам (признак СSS).  

#### **Подобные треугольники**  
Треугольники подобны, если их соответствующие углы равны, а стороны пропорциональны. Признаки подобия:  
- По двум углам (AA).  
- По стороне и двум прилежащим углам (ASA).  
- По трем сторонам (SSS).  

#### **Примеры задач**  
1. Найдите третий угол треугольника, если два угла равны $ 40^\circ $ и $ 60^\circ $.  
   *Решение*: $ 180 - (40 + 60) = 80^\circ $.  

2. В прямоугольном треугольнике катеты равны 3 и 4. Найдите гипотенузу.  
   *Решение*: $ \sqrt{3^2 + 4^2} = 5 $.  

---

### **3. Четырёхугольники**  
**Определение**: Четырёхугольник — это фигура, образованная четырьмя отрезками (сторонами), соединяющими четыре точки (вершины).  

#### **Виды четырёхугольников**  
1. **Параллелограмм**: противоположные стороны равны и параллельны, диагонали пересекаются и делятся пополам.  
   - Виды: ромб (все стороны равны), прямоугольник (все углы прямые), квадрат (равенство сторон и углов).  
2. **Трапеция**: две противоположные стороны параллельны (основания), другие — непараллельны.  
3. **Выпуклый четырёхугольник**: все внутренние углы меньше $ 180^\circ $.  
4. **В невыпуклый четырёхугольник**: один из углов больше $ 180^\circ $.  

#### **Свойства**  
- Сумма внутренних углов: $ (n - 2) \cdot 180^\circ = 360^\circ $.  
- Для параллелограммов: противоположные стороны и углы равны, диагонали делят друг друга пополам.  

#### **Площадь четырёхугольников**  
1. **Параллелограмм**: $ S = a \cdot h $, где $ a $ — основание, $ h $ — высота.  
2. **Прямоугольник**: $ S = a \cdot b $.  
3. **Квадрат**: $ S = a^2 $.  
4. **Тrapeция**: $ S = \frac{(a + b)}{2} \cdot h $, где $ a, b $ — основания, $ h $ — высота.  

#### **Примеры задач**  
1. Найдите площадь прямоугольника со сторонами 5 и 8.  
   *Решение*: $ 5 \cdot 8 = 40 $.  

2. Трапеция имеет основания 6 и 10, высоту 4. Найдите её площадь.  
   *Решение*: $ \frac{(6 + 10)}{2} \cdot 4 = 32 $.  

---

### **4. Окружности**  
**Определение**: Окружность — множество точек, равноудалённых от центра на расстояние радиуса.  

#### **Элементы окружности**  
- **Радиус (r)**: отрезок от центра до точки окружности.  
- **Диаметр (d = 2r)**: хорда, проходящая через центр.  
- **Хорда**: отрезок между двумя точками на окружности.  
- **Секущая и касательная**: прямые, пересекающие окружность (секущая) или касающиеся её в одной точке (касательная).  

#### **Формулы**  
1. Длина окружности: $ C = 2\pi r $.  
2. Площадь круга: $ S = \pi r^2 $.  
3. Длина дуги окружности: $ l = \frac{\theta}{360^\circ} \cdot 2\pi r $, где $ \theta $ — центральный угол в градусах.  

#### **Углы окружности**  
- **Центральный угол**: измеряется дугой, на которую он опирается.  
- **Вписанный угол**: равен половине центрального угла, опирающегося на ту же дугу ($ \theta = \frac{1}{2} \alpha $).  

#### **Примеры задач**  
1. Найдите площадь круга с радиусом 3.  
   *Решение*: $ \pi \cdot 3^2 = 9\pi $.  

2. Окружность имеет длину $ 10\pi $. Найдите её радиус.  
   *Решение*: $ 2\pi r = 10\pi \Rightarrow r = 5 $.  

---

### **5. Площадь фигур**  
Площадь — количественная характеристика поверхности фигуры. Формулы для вычисления:  

#### **Треугольник**  
- $ S = \frac{1}{2} \cdot a \cdot h $.  
- По сторонам и углу между ними: $ S = \frac{1}{2} ab \sin\theta $.  
- Формула Герона: $ S = \sqrt{s(s - a)(s - b)(s - c)} $, где $ s = \frac{a + b + c}{2} $.  

#### **Четырёхугольник**  
- Прямоугольник/квадрат: $ a \cdot b $.  
- Ромб: $ S = \frac{1}{2} d_1 \cdot d_2 $.  
- Параллелограмм: $ a \cdot h $.  

#### **Круг и сектор**  
- Круг: $ \pi r^2 $.  
- Сектор (дуга): $ S = \frac{\theta}{360^\circ} \cdot \pi r^2 $.  

#### **Методы вычисления площади**  
1. Разбиение на простые фигуры (например, треугольники и прямоугольники).  
2. Формулы координат (для многоугольников): $ S = \frac{1}{2} |x_1y_2 - x_2y_1 + x_2y_3 - x_3y_2 + ...| $.  

---

### **6. Задачи для закрепления**  
1. Найдите площадь равностороннего треугольника со стороной 4.  
   *Решение*: $ S = \frac{\sqrt{3}}{4} a^2 = \frac{\sqrt{3}}{4} \cdot 16 = 4\sqrt{3} $.  

2. В окружности с радиусом 5 см проведена хорда, которая делит окружность на две дуги в отношении 1:2. Найдите длину дуги.  
   *Решение*: Угол $ \theta = \frac{360^\circ}{3} = 120^\circ $. Длина дуги: $ l = \frac{120}{360} \cdot 2\pi \cdot 5 = \frac{1}{3} \cdot 10\pi = \frac{10\pi}{3} $.  

---

### **7. Вывод**  
Планиметрия — важная часть геометрии, позволяющая анализировать и решать задачи на плоскости. Знание свойств треугольников, четырёхугольников, окружностей и формул площадей помогает в строительстве, инженерии, архитектуре и других сферах. Постоянное решение задач и использование графических схем упрощают освоение материала.  

**Примечание**: Для углубления темы рекомендуется использовать чертежи, калькуляторы для вычислений и программные пакеты (например, GeoGebra).

","Учебный материал по планиметрии, охватывающий основные свойства и вычисления для треугольников, четырёхугольников, окружностей и методы нахождения их площадей. Материал содержит определения, теоремы, формулы, примеры задач и рекомендации по изучению.",Математика,"Планиметрия: треугольники, четырёхугольники, окружности, площадь фигур",,1,0,0,"Учебный материал по планиметрии соответствует методическим рекомендациям, но содержит несколько незначительных и стилистических отклонений. В целом, материал является полным, логичным и содержательным.",False,text,medium,0.0
10,10,"text.md:

Как понять, что модель хорошая
Метрики качества, кросс-валидация и выбор алгоритма

←
Предварительные знания: Статьи 1, 2 и 3 — типы обучения, выборки, переобучение.
Метрики качества
В статье 3 мы использовали функцию потерь, чтобы обучать модель. Но для оценки финального качества нужны более понятные метрики. Выбор метрики зависит от задачи.

Для классификации (категориальный ответ) используют точность (accuracy), точность предсказания (precision), полноту (recall) и F1-меру. Для задач, где важна не только правильность, но и уверенность предсказания, применяют ROC-AUC.

Для регрессии (числовой ответ) — среднеквадратичную ошибку (RMSE) или среднее абсолютное отклонение (MAE).

Почему accuracy недостаточно: если 99% писем — не спам, модель, которая всегда отвечает «не спам», даст 99% accuracy. Но она абсолютно бесполезна. Поэтому важно выбирать метрику под конкретную задачу.

Кросс-валидация
Кросс-валидация — более надёжный способ оценки, чем простое разделение на обучающую и тестовую выборки. Данные делятся на K блоков; модель обучается на K−1 блоках и проверяется на оставшемся. Процедура повторяется K раз, и берётся среднее. Это даёт устойчивую оценку обобщаемости даже при небольших наборах данных.

Как выбирать алгоритм
Не существует универсально лучшего алгоритма — это подтверждает теорема «нет бесплатного обеда». Линейные модели просты и интерпретируемы, но плохо справляются с нелинейными зависимостями. Деревья решений и ансамблевые методы (Random Forest, Gradient Boosting) мощнее, но сложнее в настройке. Нейронные сети хороши для изображений, текста и звука, но требуют больших объёмов данных.

Практический подход: начать с простого алгоритма как базовой линии, измерить метрики, затем усложнять — только при необходимости.

Итоги серии
Метрику нужно выбирать под конкретную задачу, а не брать accuracy по умолчанию
Кросс-валидация даёт надёжную оценку качества при ограниченных данных
Не существует универсально лучшего алгоритма — выбор зависит от данных и задачи
Начинать стоит с простых моделей, усложняя лишь при необходимости

","Статья посвящена методам оценки качества моделей машинного обучения. В ней рассматриваются различные метрики (точность, F1-мера, ROC-AUC, RMSE, MAE), их применение в зависимости от типа задачи (классификация, регрессия) и важность выбора подходящей метрики. Также обсуждается метод кросс-валидации как более надёжный способ оценки качества модели при ограниченных данных, а также принципы выбора алгоритма машинного обучения: от простых линейных моделей до сложных нейронных сетей, подчёркивая необходимость практического подхода и адаптации к конкретной задаче. Источник: https://habr.com/ru/articles/781654/",Машинное обучение,"Оценка качества модели: метрики, кросс-валидация, выбор алгоритма",,1,0,1,"Учебный материал соответствует методическим рекомендациям. Содержание логично структурировано, включает вводную и итоговую части, а также практические примеры. Язык доступен, термины расшифрованы, иллюстрации (если есть) подписаны. Визуальное оформля",False,учебный материал,medium,
11,11,"text.md:

**Учебный материал: Натуральные числа. Основные арифметические операции**

---

### **1. Что такое натуральные числа?**
Натуральные числа — это числа, которые используются для счёта предметов (например, 1, 2, 3 и т.д.). Они обозначаются символом ℕ и включают все положительные целые числа.  
**Примеры:** 1, 2, 3, 4, 5, ...  
Натуральные числа не включают ноль, дроби или отрицательные числа.

---

### **2. Сложение натуральных чисел**
Сложение — это действие, с помощью которого находят общее количество предметов при их объединении.  
**Обозначение:** a + b = c  
- a и b — слагаемые.  
- c — сумма.  

**Правило выполнения:**  
1. Начинаем складывать единицы (правый разряд).  
2. Если в результате сложения получается число больше 9, переносим ""десяток"" в следующий разряд.  
3. Повторяем процесс для всех разрядов.  

**Пример:**  
123 + 45 = ?  
- Складываем единицы: 3 + 5 = 8  
- Десятки: 2 + 4 = 6  
- Сотни: 1 + 0 = 1  
Итог: **168**  

**Проверка:** Если числа переставить местами (коммутативность), результат не изменится. Например, 45 + 123 = 168.

---

### **3. Вычитание натуральных чисел**
Вычитание — это действие, с помощью которого находят разницу между двумя числами.  
**Обозначение:** a − b = c  
- a — уменьшаемое.  
- b — вычитаемое.  
- c — разность.  

**Правило выполнения:**  
1. Начинаем с последних разрядов (единицы).  
2. Если в текущем разряде уменьшаемого меньше вычитаемого, занимаем ""десяток"" из соседнего разряда.  
3. Выполняем операцию и переходим к следующему разряду.  

**Пример:**  
168 − 45 = ?  
- Единицы: 8 − 5 = 3  
- Десятки: 6 − 4 = 2  
- Сотни: 1 − 0 = 1  
Итог: **123**  

**Важно:** Вычитание не обладает переместительным свойством. Например, 45 − 123 ≠ 123 − 45.

---

### **4. Умножение натуральных чисел**
Умножение — это действие, которое заменяет повторяющееся сложение одинаковых слагаемых.  
**Обозначение:** a × b = c  
- a и b — множители.  
- c — произведение.  

**Правило выполнения:**  
1. Умножаем каждую цифру второго числа на первую цифру первого, записывая результат с соответствующим сдвигом.  
2. Складываем полученные промежуточные результаты.  

**Пример:**  
123 × 4 = ?  
- 3 × 4 = 12 (записываем 2, переносим 1)  
- 2 × 4 = 8 + 1 = 9  
- 1 × 4 = 4  
Итог: **492**  

**Свойство:** Умножение обладает переместительным и сочетательным законами. Например:  
- 123 × 4 = 4 × 123  
- (123 × 4) × 5 = 123 × (4 × 5)

---

### **5. Деление натуральных чисел**
Деление — это действие, с помощью которого находят, сколько раз одно число содержится в другом.  
**Обозначение:** a ÷ b = c  
- a — делимое.  
- b — делитель.  
- c — частное.  

**Правило выполнения:**  
1. Начинаем с высших разрядов делимого, определяя, сколько раз делитель помещается в текущем числе.  
2. Умножаем делитель на найденное число и вычитаем из делимого.  
3. Продолжаем процесс для оставшихся разрядов.  

**Пример:**  
168 ÷ 4 = ?  
- 4 входит в 16 четыре раза (4 × 4 = 16), записываем 4.  
- Вычитаем 16 из 16, получаем 0.  
- Переносим следующую цифру (8).  
- 4 входит в 8 два раза (4 × 2 = 8).  
Итог: **42**  

**Важно:** Деление может быть нецелым, но при работе с натуральными числами результат должен быть целым. Если деление невозможно без остатка, говорят, что число не делится на другое (например, 17 ÷ 5 = 3 с остатком 2).

---

### **6. Свойства арифметических операций**
- **Переместительный закон сложения и умножения:**  
  a + b = b + a; a × b = b × a  
- **Сочетательный закон сложения и умножения:**  
  (a + b) + c = a + (b + c); (a × b) × c = a × (b × c)  
- **Распределительный закон умножения относительно сложения:**  
  a × (b + c) = a × b + a × c  

**Пример:**  
(12 + 18) × 3 = 12 × 3 + 18 × 3 = 36 + 54 = **90**

---

### **7. Упражнения для закрепления**
1. Вычислите:  
   - 234 + 156 = ?  
   - 789 − 245 = ?  
   - 12 × 15 = ?  
   - 180 ÷ 6 = ?  

2. Решите задачу:  
   В магазин привезли 3 коробки яблок по 12 кг в каждой и 2 коробки груш по 9 кг. Сколько всего фруктов привезли?  

3. Примените распределительный закон:  
   - 5 × (8 + 7) = ?  
   - 14 × 6 + 14 × 4 = ?  

---

### **8. Проверочная работа**
**Вариант 1:**  
- Вычислите:  
  a) 324 + 176  
  b) 500 − 123  
  c) 18 × 5  
  d) 96 ÷ 8  

**Вариант 2:**  
- Решите уравнение: x + 24 = 50  
- Найдите значение выражения: (7 + 5) × 3  

---

### **Итог**
Натуральные числа позволяют выполнять базовые арифметические операции, которые являются основой для решения более сложных задач. Знание законов и правил действий поможет упростить вычисления и избежать ошибок.

","Учебный материал по математике, охватывающий определение натуральных чисел и основные арифметические операции: сложение, вычитание, умножение, деление. Также рассматриваются свойства этих операций (переместительный, сочетательный, распределительный законы) и практические примеры для закрепления знаний.",Математика,Натуральные числа. Основные арифметические операции,,1,0,0,"Учебный материал соответствует методическим рекомендациям по содержанию, методической обоснованности и доступности. Визуальное оформление требует улучшений.",False,учебник,medium,0.0
12,12,"text.md:

**Учебный материал: Политфилософия и общество**

---

### **1. Определение и суть политфилософии**
Политфилософия — это область философии, изучающая основы власти, государства, правления и общественного устройства. Она исследует вопросы, связанные с **правом управления**, **общественными ценностями**, **правами человека**, а также **этическими нормами** в политической жизни. Целью политфилософии является анализ возможных форм государственного управления, их обоснование и оценка с точки зрения справедливости, свободы, равенства и благополучия общества.

Политфодафилософия не ограничивается теорией — она влияет на практику, формируя основу для законодательства, политических институтов и социальных движений.

---

### **2. Ключевые концепции политфилософии**
#### **а) Теории государства**
- **Обязательность государства**: Утверждение, что государство является неизбежной формой организации общества (например, в работах Гоббса и Локка).
- **Согласие граждан**: Идея о том, что государство существует только благодаря согласию населения (Локк, Руссо).
- **Национальное сообщество**: Взгляд на государство как на выражение общих интересов народа (Гердер, Кельтнер).

#### **б) Формы правления**
- **Демократия**: Равенство граждан перед законом, участие в управлении (Аристотель, Монтескье).
- **Автократия/диктатура**: Централизованная власть одного лидера (например, теории Платона и Маркса).
- **Тирания**: Правление в интересах отдельной группы (Полибий, Аристотель).

#### **в) Права человека**
- **Естественные права** (свобода, собственность, безопасность): Локк, Дюморган.
- **Права и свободы в конституционном праве**: Миллер, Бентам.
- **Социальные права** (право на образование, труд, здравоохранение): Карл Маркс, Конт.

#### **г) Идеи справедливости и равенства**
- **Право на равенство** (Локк, Робespierre).
- **Принцип раздельного развития** (Хабермас).
- **Социальная справедливость** (Карл Маркс, Джон Стюарт Милль).

---

### **3. Влияние политфилософии на общество**
#### **а) Формирование правовой системы**
Политфилософские идеи лежат в основе законодательных актов. Например:
- Конституции многих стран (например, США, Франции, Германии) отражают принципы демократии и равенства.
- Судебные системы основываются на теориях прав человека и справедливости.

#### **б) Создание политических институтов**
- Идеи разделения властей (Монтескье) стали основой современных демократий.
- Концепции представительного правительства (Большевики, Плебисциты) повлияли на развитие парламентских систем.

#### **в) Социальные движения и реформы**
- Философские идеи движений за равенство, права женщин, расовые справедливость (например, Гарвардский курс по праву) стали основой для социальных революций.
- Теории социализма и капитализма (Маркс, Смит) повлияли на экономическую политику целых стран.

#### **г) Культурные ценности**
Политфилософия формирует представления о **патриотизме**, **нации**, **гражданстве**. Например:
- Национализм как форма выражения общих ценностей (Гердер).
- Мировоззрение мультикультурализма (Кельтнер, Хабермас).

---

### **4. Основные школы политфилософии**
#### **а) Либерализм**
- Упор на индивидуальные свободы, частную собственность, конституционное правление.
- Представители: Дюморган, Монтескье, Бентам.

#### **б) Социализм**
- Акцент на равенство, коллективное хозяйство, социальную справедливость.
- Представители: Маркс, Ленин, Горький.

#### **в) Консерватизм**
- Поддержка традиций, стабильности, моральных норм.
- Представители: Берклей, Конт, Паскаль.

#### **г) Смешанное правление (демократический социализм)**
- Комбинация элементов либерализма и социализма. Пример: современные страны с социальным обеспечением.

---

### **5. Современные аспекты политфилософии**
#### **а) Глобализация и международные отношения**
- Философские подходы к вопросам глобальной справедливости, миграции, климатических изменений.
- Идеи ""всеобщей гражданства"" (Хабермас).

#### **б) Цифровизация и технологии**
- Этика использования технологий в управлении (например, искусственный интеллект, большие данные).
- Права человека в цифровом пространстве.

#### **в) Кризисы современного общества**
- Идеи ответов на проблемы: безработицы, социального неравенства, кризиса доверия к институтам.
- Роль философии в построении ""прозрачного"" государства (например, теория публичной политики).

---

### **6. Заключение**
Политфилософия — это не только теоретическая дисциплина, но и практическая основа для формирования справедливого общества. Она помогает понять, как власть может быть устроена, какие ценности должны стоять в центре государственной политики и как избежать тирании или несправедливости. В условиях глобализации, цифровизации и экологических вызовов политфилософия продолжает играть ключевую роль в поиске путей к гармоничному развитию общества.

---

**Примеры для изучения:**
- Конституция США (принципы разделения властей).
- Декларация прав человека и гражданина Франции (1789 г.).
- Устав ООН (гуманистические идеи).

**Вопросы для обсуждения:**
1. Какие политфилософские идеи лежат в основе современной демократии?
2. Может ли государство быть ""независимым от народной воли""? Объясните.
3. Влияние философии на формирование прав человека в цифровом обществе.

---

Этот материал может использоваться для подготовки к экзаменам, семинарам или докладам.

","Анализируются основы политфилософии, ключевые концепции (государство, формы правления, права человека, справедливость), влияние на общество (правовая система, политические институты, социальные движения, культурные ценности) и современные аспекты. Материал включает описание основных школ политфилософии (либерализм, социализм, консерватизм), примеры из истории и актуальных проблем. Подходит для подготовки к экзаменам, семинарам, докладам.",Философия,Политфилософия и общество,,1,0,0,"Учебный материал по политфилософии соответствует методическим рекомендациям, но требует доработки в части языка и оформления. Содержание и структура логичны, однако некоторые термины не расшифрованы, а визуальное оформление может быть улучшено для чл",False,text,medium,0.0
13,13,"text.md:

**Учебный материал по теме ""Работа с базами данных""**

---

### **1. Введение**
База данных (БД) — это организованное хранилище данных, предназначенное для хранения, управления и извлечения информации. БД используется в различных сферах: от простых приложений до сложных систем управления информацией.

**Зачем нужны базы данных?**
- **Эффективное хранение данных**: Структурированная организация информации.
- **Быстрый доступ к данным**: Индексы и оптимизация запросов.
- **Надежность и целостность данных**: Проверка ограничений (например, уникальность значений).
- **Масштабируемость**: Возможность расширения при увеличении объема информации.

---

### **2. Основные понятия**
**База данных (DB)** — это набор взаимосвязанных данных.  
**Система управления базами данных (СУБД)** — программное обеспечение для работы с БД (например, MySQL, PostgreSQL).  
**Таблица (Table)** — структура данных, состоящая из строк и столбцов.  
**Строка (Row)** — запись данных в таблице.  
**Столбец (Column)** — характеристика данных (например, ""Имя"", ""Дата рождения"").  
**Ключ (Key)** — уникальное значение для идентификации строки (первичный ключ, внешний ключ).  

---

### **3. Типы баз данных**
1. **Реляционные БД (RDBMS)**:
   - Данные организованы в таблицы с отношениями между ними.
   - Примеры: MySQL, PostgreSQL, Oracle.
   - Используют язык SQL для работы.

2. **NoSQL-базы данных**:
   - Не требуют строгой структуры (например, документы JSON).
   - Подходят для больших объемов данных и гибкости схемы.
   - Примеры: MongoDB (документная БД), Redis (ключ-значение).

3. **Кубические/мульти维 БД**:
   - Используются для аналитики и обработки больших объемов данных (OLAP).
   - Пример: Oracle OLAP.

4. **Иерархические и сетевые БД**:
   - Редко используются, но подходят для сложных связей (например, деревья, графы).

---

### **4. Язык запросов SQL**
SQL (Structured Query Language) — стандартный язык для работы с реляционными базами данных.

#### Основные команды:
- **SELECT** — извлечение данных.
  ```sql
  SELECT * FROM users; -- выборка всех записей из таблицы ""users""
  ```
- **INSERT INTO** — добавление новой строки.
  ```sql
  INSERT INTO users (name, age) VALUES ('Иван', 25);
  ```
- **UPDATE** — изменение данных.
  ```sql
  UPDATE users SET age = 30 WHERE id = 1;
  ```
- **DELETE** — удаление данных.
  ```sql
  DELETE FROM users WHERE id = 1;
  ```

#### Пример запроса:
```sql
SELECT name, age 
FROM employees 
WHERE department = 'IT' 
ORDER BY age DESC;
```
Этот запрос извлекает имена и возраст сотрудников из отдела IT, отсортированных по убыванию возраста.

---

### **5. Основные операции (CRUD)**
- **Create** — добавление данных (INSERT).
- **Read** — чтение данных (SELECT).
- **Update** — изменение данных (UPDATE).
- **Delete** — удаление данных (DELETE).

---

### **6. Проектирование базы данных**
1. **Нормализация**:
   - Цель: избежать дублирования и обеспечить целостность.
   - Основные нормы:
     1. Первичная нормальная форма (1NF): данные в виде строк, без повторений.
     2. Вторая нормальная форма (2NF): таблица должна быть в 1NF, и все столбцы зависят от первичного ключа.
     3. Третья нормальная форма (3NF): отсутствие зависимостей между неключевыми полями.

2. **Создание таблиц**:
   ```sql
   CREATE TABLE employees (
       id INT PRIMARY KEY,
       name VARCHAR(100),
       department_id INT,
       FOREIGN KEY (department_id) REFERENCES departments(id)
   );
   ```
   - `PRIMARY KEY` — уникальный идентификатор.
   - `FOREIGN KEY` — связь с другой таблицей.

---

### **7. Инструменты для работы с БД**
- **phpMyAdmin** — интерфейс для MySQL.
- **pgAdmin** — инструмент для PostgreSQL.
- **MongoDB Compass** — визуальный клиент для NoSQL-баз данных.
- **DBeaver** — универсальный ETL-инструмент для работы с разными СУБД.

---

### **8. Безопасность БД**
1. **Аутентификация**: ограничение доступа к данным по пользователям.
2. **Шифрование**: защита данных от несанкционированного доступа.
3. **Резервное копирование**: регулярное сохранение данных.
4. **Проверка прав** (ACL): контроль над операциями с таблицами.

---

### **9. Примеры задач**
1. **Создать таблицу ""Клиенты""**:
   ```sql
   CREATE TABLE clients (
       client_id INT PRIMARY KEY,
       full_name VARCHAR(255),
       email VARCHAR(100) UNIQUE
   );
   ```

2. **Добавить запись**:
   ```sql
   INSERT INTO clients (client_id, full_name, email)
   VALUES (1, 'Иван Иванов', 'ivan@example.com');
   ```

3. **Получить данные по клиенту**:
   ```sql
   SELECT * FROM clients WHERE client_id = 1;
   ```

4. **Обновить почту клиента**:
   ```sql
   UPDATE clients SET email = 'new_email@example.com'
   WHERE client_id = 1;
   ```

5. **Удалить запись**:
   ```sql
   DELETE FROM clients WHERE client_id = 1;
   ```

---

### **10. Дополнительные темы**
- **Индексы**: ускоряют поиск данных.
- **Транзакции**: обеспечивают целостность при сложных операциях (например, перевод денег между счетами).
- **Репликация**: создание копий БД для отказоустойчивости.
- **Параллельные запросы**: одновременная работа с БД многими пользователями.

---

### **11. Ресурсы для изучения**
- [MySQL Documentation](https://dev.mysql.com/doc/)
- [PostgreSQL Tutorial](https://www.postgresql.org/docs/)
- [MongoDB University](https://university.mongodb.com/)
- Онлайн-курсы: Coursera, Udemy, Stepik.

---

**Вывод**: Работа с базами данных — это основа для разработки сложных приложений. Понимание принципов SQL и проектирования БД позволяет эффективно управлять информацией и обеспечивать ее целостность и безопасность.

","Учебный материал, посвященный основам работы с базами данных. Включает введение, основные понятия, типы БД, язык SQL (CRUD-операции), проектирование БД, инструменты и безопасность. Материал содержит теоретические объяснения, примеры запросов на SQL, практические задачи по созданию, изменению, чтению и удалению данных, а также рекомендации по изучению дополнительных тем и ресурсам.",Разработка,Базы данных,,1,0,0,"Учебный материал по теме ""Работа с базами данных"" соответствует методическим рекомендациям. Он содержит все необходимые элементы: вводную часть, основные понятия, типы БД, язык запросов SQL, операции CRUD, проектирование БД, инструменты и безопасност",False,text,medium,0.0
